2.689253807067871, 16.619098663330078, 2629, 0
2.8255257606506348, 14.516794204711914, 2513, 0
2.8226444721221924, 17.178417205810547, 2883, 0
8.637818336486816, 16.957935333251953, 2731, 0
8.443228721618652, 13.345756530761719, 3050, 0
8.44542407989502, 17.818483352661133, 2794, 0
8.552289962768555, 19.657133102416992, 2612, 0
2.564321279525757, 19.8779354095459, 2346, 0
1.9462116956710815, 19.948652267456055, 2328, 0
2.0679683685302734, 21.898696899414062, 2467, 0
2.696730613708496, 14.215070724487305, 2407, 0
1.9467182159423828, 23.836917877197266, 2020, 0
8.629463195800781, 12.450906753540039, 2712, 0
8.527809143066406, 15.484737396240234, 2730, 0
8.751567840576172, 15.132633209228516, 2969, 0
8.751567840576172, 11.638887405395508, 2676, 0
8.751567840576172, 14.243334770202637, 1805, 0
8.514326095581055, 18.003910064697266, 1493, 0
8.438651084899902, 16.391809463500977, 3256, 0
8.556612014770508, 17.806360244750977, 2503, 0
8.560792922973633, 17.523197174072266, 2241, 0
8.428105354309082, 15.030594825744629, 2556, 0
8.524950981140137, 16.27074432373047, 3235, 0
8.444849967956543, 13.092819213867188, 2059, 0
8.629463195800781, 11.198076248168945, 3264, 0
3.263551712036133, 17.891353607177734, 2923, 0
8.4127197265625, 14.296127319335938, 2721, 0
2.430978536605835, 19.856945037841797, 2710, 0
8.629463195800781, 14.401396751403809, 2211, 0
1.7259125709533691, 19.565349578857422, 1985, 0
1.5618336200714111, 23.267059326171875, 1760, 1
1.5792412757873535, 22.141746520996094, 1646, 1
1.3471479415893555, 26.170150756835938, 1514, 1
1.3212544918060303, 22.709043502807617, 845, 1
0.9747973084449768, 24.751340866088867, 811, 1
1.2188169956207275, 23.072423934936523, 978, 1
0.936840832233429, 21.915332794189453, 1195, 1
1.6004282236099243, 29.401504516601562, 1794, 1
1.8434367179870605, 26.61487579345703, 1675, 0
1.9689645767211914, 25.074148178100586, 2191, 0
8.751567840576172, 14.231844902038574, 2254, 0
8.40568733215332, 18.022586822509766, 2236, 0
2.1845617294311523, 20.695270538330078, 2301, 0
2.310579538345337, 23.673410415649414, 2338, 0
1.9665606021881104, 20.550891876220703, 2048, 0
1.8234171867370605, 21.43808364868164, 1885, 0
1.6992547512054443, 21.995071411132812, 1710, 0
1.1196527481079102, 20.241619110107422, 1470, 1
1.105105996131897, 30.059192657470703, 1223, 1
0.7299532294273376, 17.135107040405273, 699, 1
0.7399110198020935, 36.614566802978516, 468, 1
0.48831477761268616, 35.0189208984375, 353, 1
0.383910208940506, 33.54678726196289, 351, 1
0.6055223345756531, 31.769502639770508, 468, 1
0.8705311417579651, 36.604705810546875, 943, 1
1.0937968492507935, 29.25346565246582, 988, 1
0.9848114848136902, 24.349220275878906, 1184, 0
1.5842430591583252, 26.96033477783203, 1408, 0
1.6028634309768677, 31.20824432373047, 1951, 0
2.0966086387634277, 18.3092098236084, 1873, 0
8.537429809570312, 18.87947654724121, 2019, 0
2.3042736053466797, 22.336700439453125, 2337, 0
8.551192283630371, 19.80442237854004, 2160, 0
2.3287367820739746, 17.996997833251953, 2482, 0
8.443293571472168, 17.96307945251465, 2383, 0
8.520273208618164, 21.557941436767578, 2263, 0
1.9605963230133057, 17.155738830566406, 2004, 0
16.322084426879883, 13.474271774291992, 1820, 0
1.791576623916626, 21.310331344604492, 1309, 0
1.0682332515716553, 27.757217407226562, 1132, 1
0.9576951861381531, 32.72431182861328, 748, 1
0.7118425965309143, 37.502079010009766, 561, 1
0.7457693815231323, 37.56106948852539, 608, 1
0.6952361464500427, 34.54801559448242, 493, 1
0.49976620078086853, 30.71209144592285, 817, 1
0.8411928415298462, 30.893640518188477, 865, 1
1.1130727529525757, 32.37773132324219, 1104, 0
1.359710693359375, 25.647924423217773, 1325, 0
1.3441051244735718, 21.176803588867188, 1552, 0
2.081920862197876, 20.264616012573242, 2066, 0
8.5656156539917, 19.37420082092285, 2173, 0
8.563631057739258, 21.084938049316406, 2424, 0
2.3364601135253906, 18.603731155395508, 2351, 0
8.5343017578125, 18.35079002380371, 2379, 0
2.1824288368225098, 20.971811294555664, 2058, 0
1.6025402545928955, 29.16508674621582, 1430, 0
1.1077908277511597, 34.371578216552734, 879, 1
0.7213103771209717, 19.415185928344727, 520, 1
0.5066121816635132, 34.36781311035156, 326, 1
0.626327633857727, 39.11697006225586, 545, 0
0.8608673214912415, 37.650177001953125, 997, 0
1.3312764167785645, 32.93000793457031, 1337, 0
1.5816230773925781, 29.53272247314453, 1709, 0
1.7289551496505737, 21.570098876953125, 1846, 0
1.848535180091858, 25.381715774536133, 2272, 0
2.1891493797302246, 23.75196075439453, 2332, 0
2.05796217918396, 21.549795150756836, 2267, 0
1.4815192222595215, 24.635915756225586, 1525, 0
1.1865644454956055, 32.64191436767578, 1051, 1
0.8368028998374939, 28.06252670288086, 390, 1
0.3811422884464264, 32.744842529296875, 121, 1
0.477965384721756, 34.28629684448242, 150, 1
0.4521040618419647, 29.94831085205078, 171, 1
0.45032912492752075, 24.906675338745117, 267, 1
0.5092319250106812, 28.975147247314453, 455, 1
0.5843087434768677, 36.94577407836914, 530, 1
0.5946427583694458, 32.12070846557617, 538, 1
0.6018517017364502, 31.254966735839844, 511, 1
0.6172364950180054, 25.324411392211914, 297, 1
0.4744674265384674, 24.9390869140625, 283, 1
0.7032808065414429, 30.7413387298584, 447, 1
0.8406492471694946, 27.40544891357422, 758, 1
0.9421826601028442, 33.550498962402344, 1031, 1
1.3337836265563965, 28.132061004638672, 1324, 0
1.2371106147766113, 32.122154235839844, 1382, 0
1.2012665271759033, 31.14159393310547, 1230, 0
1.2276650667190552, 35.70263671875, 1283, 0
1.5553205013275146, 26.184289932250977, 1591, 0
1.4789152145385742, 26.610868453979492, 1815, 0
2.524207353591919, 18.061012268066406, 1997, 0
2.0607540607452393, 23.92411231994629, 2014, 0
1.9679856300354004, 24.962116241455078, 1992, 0
1.8074606657028198, 26.56446075439453, 2059, 0
1.5867401361465454, 23.660707473754883, 1653, 0
1.211844563484192, 20.99191665649414, 1382, 0
1.0716047286987305, 27.80391502380371, 1027, 0
0.9567371010780334, 33.988555908203125, 783, 1
0.750597357749939, 37.09910202026367, 670, 1
0.7163867950439453, 33.05854034423828, 746, 1
0.9898410439491272, 29.967327117919922, 1075, 0
1.1151639223098755, 34.81571578979492, 1162, 0
1.2161831855773926, 29.247283935546875, 1457, 0
1.1810511350631714, 15.053781509399414, 1823, 0
1.4850130081176758, 21.570737838745117, 1514, 0
1.4858968257904053, 21.376142501831055, 1587, 0
1.824540138244629, 20.87883949279785, 2155, 0
2.198615789413452, 20.751148223876953, 2318, 0
2.332869291305542, 20.861892700195312, 2326, 0
2.328788995742798, 18.65178108215332, 2293, 0
2.21694016456604, 18.474754333496094, 2228, 0
1.9568088054656982, 17.84792137145996, 2049, 0
1.7142865657806396, 27.270811080932617, 1842, 0
1.4798617362976074, 29.116430282592773, 1373, 0
0.7467389702796936, 20.73657989501953, 1004, 1
1.0600446462631226, 28.963472366333008, 721, 1
0.8756170272827148, 29.321706771850586, 555, 1
0.5710588693618774, 32.85391616821289, 543, 1
0.6096956133842468, 35.08769989013672, 481, 1
0.49946877360343933, 22.937389373779297, 313, 1
0.5075289011001587, 32.14112854003906, 192, 1
0.37899908423423767, 29.232175827026367, 111, 1
0.25953781604766846, 21.660717010498047, 121, 1
0.5827236771583557, 33.147037506103516, 123, 1
0.6314913630485535, 28.478004455566406, 131, 1
0.3732216954231262, 34.05321502685547, 223, 1
0.7351215481758118, 36.444496154785156, 412, 1
0.6028012037277222, 31.654499053955078, 574, 1
0.743368923664093, 41.213775634765625, 980, 1
0.8329343199729919, 27.943904876708984, 1018, 1
0.8689448833465576, 38.235374450683594, 806, 1
1.0687110424041748, 34.387691497802734, 1074, 0
1.3384387493133545, 26.661685943603516, 1363, 0
0.8485701084136963, 19.1827392578125, 1817, 0
1.8402290344238281, 21.588306427001953, 1846, 0
1.8458055257797241, 21.32964324951172, 1803, 0
1.9326502084732056, 17.58917808532715, 1917, 0
2.0830960273742676, 18.487749099731445, 2160, 0
8.423331260681152, 21.004159927368164, 2207, 0
8.44611644744873, 20.511295318603516, 2180, 0
2.179212808609009, 21.76248550415039, 2190, 0
2.0630037784576416, 19.784908294677734, 2104, 0
1.9285179376602173, 16.779460906982422, 1904, 0
1.6077195405960083, 26.788677215576172, 1644, 0
1.3160191774368286, 23.930381774902344, 1459, 0
1.231426477432251, 30.927383422851562, 1338, 0
1.0940617322921753, 29.699487686157227, 1169, 1
0.8737565875053406, 23.951133728027344, 568, 1
0.4505246579647064, 30.14014434814453, 433, 1
0.5888290405273438, 29.922122955322266, 437, 1
0.5063969492912292, 26.49844741821289, 495, 1
0.839748740196228, 32.5440673828125, 810, 1
1.093127965927124, 27.069141387939453, 962, 1
5.755329608917236, 18.49775505065918, 1604, 0
1.3570224046707153, 31.335947036743164, 1668, 0
1.099693775177002, 35.772499084472656, 951, 0
0.49159929156303406, 24.594316482543945, 481, 1
0.4873192608356476, 22.393503189086914, 188, 1
0.7367547154426575, 22.241363525390625, 252, 1
0.7294467687606812, 30.613910675048828, 625, 1
1.2068090438842773, 34.2896614074707, 1039, 0
1.819753646850586, 21.850269317626953, 1714, 0
0.9619346261024475, 16.573490142822266, 1980, 0
2.570068359375, 19.593788146972656, 2645, 0
8.524737358093262, 17.800174713134766, 3966, 0
8.629463195800781, 11.476665496826172, 2655, 0
8.430521965026855, 16.437000274658203, 3098, 0
8.629463195800781, 11.526296615600586, 3263, 0
8.435320854187012, 16.6130313873291, 3032, 0
3.0585544109344482, 11.000896453857422, 2653, 0
2.4488792419433594, 19.44173240661621, 2443, 0
1.833086609840393, 18.23308753967285, 2004, 0
1.798505425453186, 17.26766586303711, 1739, 0
1.4453821182250977, 24.802135467529297, 1256, 1
1.100182294845581, 28.452465057373047, 454, 1
0.49390706419944763, 31.826824188232422, 236, 1
0.3811601996421814, 34.94552993774414, 274, 1
0.47878924012184143, 32.841941833496094, 485, 1
0.8745152354240417, 40.01686096191406, 786, 1
0.8741267919540405, 35.050743103027344, 988, 1
0.9410770535469055, 29.069393157958984, 988, 1
1.2195911407470703, 33.93447494506836, 1305, 1
1.3567066192626953, 25.64691925048828, 1484, 0
1.4633632898330688, 19.295223236083984, 1724, 0
1.6807280778884888, 24.555665969848633, 1808, 0
1.5728366374969482, 21.09220314025879, 1837, 0
1.8238860368728638, 22.156116485595703, 1727, 0
8.629463195800781, 15.049099922180176, 1698, 0
8.629463195800781, 15.8829927444458, 1790, 0
1.714525580406189, 18.11832618713379, 1784, 0
1.7052404880523682, 19.130956649780273, 1812, 0
1.6002024412155151, 19.170549392700195, 1823, 0
8.629463195800781, 14.355216026306152, 1777, 0
2.0790746212005615, 14.827317237854004, 1890, 0
1.9598759412765503, 16.43304443359375, 2046, 0
2.0950889587402344, 16.597610473632812, 2149, 0
8.43821907043457, 16.2794189453125, 2218, 0
2.582719326019287, 15.84638786315918, 2734, 0
2.436800479888916, 19.19961166381836, 2531, 0
2.4459893703460693, 19.017385482788086, 2619, 0
2.5698180198669434, 22.243526458740234, 2625, 0
2.4411234855651855, 19.4875431060791, 2570, 0
2.4023847579956055, 19.0572509765625, 2532, 0
2.207334280014038, 24.12529945373535, 2248, 0
1.804684042930603, 21.579784393310547, 2046, 0
1.822340965270996, 25.601415634155273, 1862, 0
1.4799013137817383, 31.04198455810547, 1781, 0
1.3167747259140015, 32.5504150390625, 1332, 1
0.9716616272926331, 30.14328956604004, 1001, 1
0.9963198304176331, 35.376277923583984, 906, 1
1.0783089399337769, 33.99406051635742, 909, 1
0.971332848072052, 34.423519134521484, 1299, 1
1.210378646850586, 29.867130279541016, 1353, 0
1.6066702604293823, 28.069316864013672, 1829, 0
1.8265435695648193, 22.307846069335938, 1992, 0
1.9444341659545898, 23.024168014526367, 1948, 0
1.9547985792160034, 23.78582763671875, 1966, 0
2.186413049697876, 24.611820220947266, 2321, 0
2.4628145694732666, 22.388103485107422, 2461, 0
2.788714647293091, 16.533411026000977, 2573, 0
8.629463195800781, 11.991928100585938, 2967, 0
8.443962097167969, 15.444967269897461, 2432, 0
8.629463195800781, 11.768484115600586, 3220, 0
8.426958084106445, 14.705818176269531, 2873, 0
8.751567840576172, 13.2262601852417, 2764, 0
4.166100025177002, 12.576814651489258, 4069, 0
8.386189460754395, 13.226603507995605, 2441, 0
2.922567844390869, 16.351459503173828, 2767, 0
2.402756452560425, 21.95270538330078, 2283, 0
1.8176326751708984, 25.218650817871094, 1929, 0
1.0817739963531494, 27.311729431152344, 1439, 1
0.8718830347061157, 34.37403869628906, 951, 1
0.7420341372489929, 39.10807800292969, 731, 1
0.6264364123344421, 39.60436248779297, 492, 1
0.7131991982460022, 36.931884765625, 582, 1
1.0724750757217407, 40.12089538574219, 1127, 1
1.8027864694595337, 26.49287986755371, 1732, 0
2.2015252113342285, 21.328533172607422, 2183, 0
8.438933372497559, 19.472530364990234, 2420, 0
8.44271183013916, 17.46282958984375, 2555, 0
2.569495916366577, 16.909263610839844, 2450, 0
2.6616249084472656, 15.557147979736328, 2629, 0
2.577328681945801, 11.375838279724121, 2530, 0
2.1902506351470947, 20.311498641967773, 2168, 0
1.837717890739441, 26.8410701751709, 1860, 0
1.4859455823898315, 28.207523345947266, 1521, 0
1.1862043142318726, 22.572265625, 1207, 1
1.1138750314712524, 29.152517318725586, 991, 1
0.8697906732559204, 33.813934326171875, 954, 1
1.0926313400268555, 18.781620025634766, 947, 1
1.3520817756652832, 20.532522201538086, 1244, 1
1.0693925619125366, 27.855138778686523, 1154, 1
0.9473456144332886, 35.779090881347656, 701, 1
1.4252612590789795, 23.503053665161133, 596, 1
0.8577153086662292, 34.923851013183594, 143, 1
0.6145003437995911, 22.6309814453125, 79, 1
0.35088905692100525, 33.25989532470703, 99, 1
0.3848341405391693, 34.16312789916992, 251, 1
0.6312373876571655, 40.66633224487305, 540, 1
0.8696719408035278, 35.53324890136719, 941, 1
0.9709437489509583, 34.85036087036133, 1253, 1
1.3628579378128052, 32.028682708740234, 1525, 0
1.58680260181427, 29.64307403564453, 1727, 0
1.720389723777771, 26.34564971923828, 2103, 0
2.0454492568969727, 22.27910614013672, 2218, 0
1.5862555503845215, 29.006576538085938, 1668, 0
1.0614054203033447, 36.908851623535156, 1091, 0
0.7360252737998962, 36.708885192871094, 620, 1
0.609927773475647, 37.94353485107422, 422, 1
0.5053629279136658, 38.49806213378906, 353, 1
0.6048671007156372, 32.94733428955078, 464, 1
0.7119182348251343, 39.91061782836914, 691, 1
0.7474391460418701, 38.028865814208984, 980, 0
1.3130513429641724, 34.298545837402344, 1296, 0
1.8001012802124023, 26.12425994873047, 1913, 0
2.1930055618286133, 25.6969051361084, 2217, 0
2.177598237991333, 20.564369201660156, 2261, 0
2.698075532913208, 14.47213363647461, 2689, 0
2.8060224056243896, 20.293188095092773, 2726, 0
2.6935601234436035, 18.908313751220703, 2585, 0
8.521323204040527, 14.186304092407227, 2353, 0
1.9477150440216064, 20.070873260498047, 2144, 0
1.672102689743042, 28.508193969726562, 1730, 0
1.350703477859497, 29.253904342651367, 1339, 0
0.9881226420402527, 35.41684341430664, 864, 1
0.7136002779006958, 32.521541595458984, 596, 1
0.6193100810050964, 36.071163177490234, 567, 1
0.8748506307601929, 31.685331344604492, 640, 1
0.8433595895767212, 36.78507995605469, 841, 0
1.2395856380462646, 28.358823776245117, 1006, 0
0.9684801697731018, 33.820072174072266, 1029, 0
1.0765424966812134, 34.46055603027344, 1254, 0
1.2023392915725708, 32.31174850463867, 1328, 0
1.4320173263549805, 31.33829116821289, 1567, 0
1.7981549501419067, 29.665180206298828, 1786, 0
1.8086071014404297, 27.2384090423584, 2033, 0
2.082488775253296, 19.73708724975586, 2195, 0
2.316344738006592, 18.823335647583008, 2364, 0
8.51658821105957, 17.750167846679688, 2570, 0
3.021742820739746, 13.006939888000488, 2795, 0
2.7703957557678223, 12.875432014465332, 2639, 0
8.507357597351074, 10.361905097961426, 2687, 0
2.453300714492798, 22.01929473876953, 2439, 0
2.0882680416107178, 21.93543243408203, 2166, 0
1.8461782932281494, 23.950908660888672, 1810, 0
1.5476046800613403, 27.944141387939453, 1483, 0
1.0773872137069702, 25.337736129760742, 1213, 0
1.1110113859176636, 34.90268325805664, 1091, 0
0.9460465312004089, 26.113117218017578, 825, 1
0.8667148947715759, 33.778526306152344, 712, 1
0.732367753982544, 30.198518753051758, 802, 1
1.2167301177978516, 33.36873245239258, 1059, 1
1.1167181730270386, 33.42422103881836, 1224, 1
1.2041727304458618, 30.18895721435547, 1458, 0
1.5719361305236816, 22.875547409057617, 1697, 0
1.7960509061813354, 22.452983856201172, 1832, 0
1.9713099002838135, 14.228778839111328, 1991, 0
1.8223612308502197, 22.451156616210938, 2005, 0
1.7172808647155762, 29.505949020385742, 1788, 0
1.353585124015808, 28.739463806152344, 1466, 0
1.1925077438354492, 31.72364044189453, 1179, 1
0.9540941715240479, 33.30430221557617, 895, 1
0.8584766983985901, 37.10253143310547, 745, 1
0.7499076128005981, 20.21515655517578, 625, 1
1.3601396083831787, 20.170087814331055, 991, 0
0.8632684946060181, 33.223201751708984, 1218, 0
1.4436492919921875, 31.7086124420166, 1610, 0
1.7023950815200806, 30.09320831298828, 1804, 0
1.8372317552566528, 27.201749801635742, 1980, 0
1.9454654455184937, 25.167118072509766, 2244, 0
1.7292876243591309, 17.019554138183594, 2206, 0
1.9731898307800293, 25.228471755981445, 1881, 0
1.3227475881576538, 27.883014678955078, 1551, 0
1.1137570142745972, 25.66860580444336, 1256, 0
0.942638635635376, 38.01899337768555, 828, 1
0.5033908486366272, 31.451494216918945, 536, 1
0.625137984752655, 36.32014465332031, 454, 1
0.7414707541465759, 36.63969802856445, 534, 1
0.9811457991600037, 38.452938079833984, 962, 0
1.1043894290924072, 35.83198928833008, 1277, 0
1.4559084177017212, 31.005334854125977, 1471, 0
1.7068560123443604, 24.90463638305664, 1841, 0
1.9521440267562866, 22.081689834594727, 2250, 0
2.191016435623169, 20.648900985717773, 2249, 0
2.180269956588745, 21.221818923950195, 2266, 0
8.560572624206543, 19.37579345703125, 2060, 0
1.3188389539718628, 22.976520538330078, 1788, 0
1.4758917093276978, 29.814455032348633, 1558, 0
1.5800668001174927, 24.027732849121094, 1332, 1
0.9468669295310974, 21.638748168945312, 786, 1
1.3289704322814941, 21.674745559692383, 755, 1
0.5705255270004272, 26.199851989746094, 1127, 0
1.442811369895935, 27.96175193786621, 1804, 0
2.0903091430664062, 20.4847354888916, 2168, 0
8.429333686828613, 21.582656860351562, 2461, 0
2.8016891479492188, 17.979352951049805, 2718, 0
8.424371719360352, 14.662027359008789, 2499, 0
3.545030355453491, 14.151327133178711, 2494, 0
8.629463195800781, 13.542036056518555, 2587, 0
8.386160850524902, 12.415769577026367, 3802, 0
8.629463195800781, 12.371435165405273, 2673, 0
8.426892280578613, 15.209507942199707, 2059, 0
2.7056167125701904, 12.479849815368652, 2449, 0
2.1915030479431152, 23.70775032043457, 2104, 0
1.7068177461624146, 26.33277130126953, 1827, 0
1.4662450551986694, 31.127824783325195, 1465, 0
1.210147738456726, 21.914499282836914, 1132, 0
0.8664857149124146, 23.08110809326172, 937, 1
0.9738472104072571, 31.103364944458008, 888, 1
0.6126886010169983, 19.142305374145508, 951, 1
1.2318490743637085, 25.14759063720703, 1189, 1
1.682916283607483, 18.159042358398438, 1401, 0
1.4709793329238892, 28.72980499267578, 1610, 0
1.716928482055664, 22.650630950927734, 1649, 0
1.0589460134506226, 20.979307174682617, 1944, 0
1.9445551633834839, 24.70782470703125, 2026, 0
2.1596121788024902, 20.85393524169922, 2053, 0
2.298696279525757, 23.46500015258789, 2231, 0
8.44225025177002, 18.66286849975586, 2603, 0
6.229511260986328, 10.907835960388184, 2596, 0
3.2952942848205566, 10.42603874206543, 2745, 0
8.438467979431152, 18.814292907714844, 2927, 0
8.629463195800781, 14.975948333740234, 2892, 0
8.629463195800781, 14.176456451416016, 2452, 0
3.0271522998809814, 19.03835678100586, 2964, 0
8.507357597351074, 12.909032821655273, 2566, 0
0.4484204351902008, 10.645804405212402, 2189, 0
1.7919079065322876, 23.196849822998047, 1796, 0
1.2369847297668457, 26.942096710205078, 1397, 0
1.1133449077606201, 31.610624313354492, 1033, 1
0.5705255270004272, 13.728836059570312, 742, 1
0.7491212487220764, 26.799898147583008, 694, 1
1.0915820598602295, 30.54111671447754, 789, 1
1.1854896545410156, 31.656993865966797, 1260, 1
1.6000336408615112, 30.666696548461914, 1598, 0
1.7135897874832153, 27.828197479248047, 1773, 0
1.3456981182098389, 20.436124801635742, 1340, 0
0.6995399594306946, 34.4736442565918, 688, 1
0.5014982223510742, 29.802631378173828, 186, 1
0.48357537388801575, 35.7845458984375, 185, 1
0.49185100197792053, 30.316783905029297, 458, 1
0.942882776260376, 32.24847412109375, 807, 1
0.9509563446044922, 34.489830017089844, 1153, 0
1.3178318738937378, 29.956045150756836, 1436, 0
1.8299387693405151, 26.066171646118164, 1943, 0
2.2027509212493896, 19.62285614013672, 2129, 0
8.548096656799316, 17.07943344116211, 2529, 0
2.5693888664245605, 19.14960479736328, 2570, 0
2.4474997520446777, 16.176502227783203, 2279, 0
2.1824183464050293, 17.544239044189453, 2010, 0
1.4851245880126953, 25.959590911865234, 1485, 0
0.9770799279212952, 34.16803741455078, 967, 1
0.7275357246398926, 19.66645050048828, 675, 1
0.6257522106170654, 23.519323348999023, 591, 1
0.4851330816745758, 18.92854881286621, 615, 1
0.8668714165687561, 27.13719940185547, 812, 1
0.9807657599449158, 33.19304656982422, 854, 1
1.2036782503128052, 31.546642303466797, 1114, 0
1.2077645063400269, 31.020763397216797, 1582, 0
1.5869306325912476, 30.027843475341797, 1696, 0
1.928496241569519, 26.233654022216797, 2041, 0
2.291081190109253, 18.19242286682129, 2323, 0
2.205251932144165, 22.03778839111328, 2334, 0
2.206974983215332, 25.11502456665039, 2139, 0
1.9671506881713867, 20.112123489379883, 2020, 0
1.468982219696045, 29.704837799072266, 1556, 1
0.9884594082832336, 30.109832763671875, 1069, 1
0.8282851576805115, 22.594696044921875, 668, 1
0.5070051550865173, 28.5356502532959, 638, 1
1.1864079236984253, 28.94830894470215, 1505, 0
1.849039912223816, 25.765905380249023, 2355, 0
2.571737289428711, 22.28826141357422, 2619, 0
3.0367591381073, 16.919771194458008, 3045, 0
3.4023027420043945, 18.02709197998047, 3876, 0
3.3825111389160156, 17.71194076538086, 2679, 0
3.0680994987487793, 24.414161682128906, 3056, 0
2.655978202819824, 23.868284225463867, 3196, 0
2.3357160091400146, 18.290311813354492, 2264, 0
1.7290582656860352, 27.325666427612305, 1891, 0
0.8155314326286316, 30.294588088989258, 609, 1
0.2522265315055847, 30.413000106811523, 199, 1
0.5899537205696106, 31.98059844970703, 168, 1
0.3306587040424347, 25.398681640625, 138, 1
0.3870030641555786, 26.491241455078125, 138, 1
0.3748936057090759, 25.107641220092773, 148, 1
0.7264863848686218, 21.737882614135742, 497, 1
0.9949697852134705, 35.39405822753906, 986, 1
1.2201985120773315, 35.09051513671875, 1405, 1
1.5617567300796509, 29.777851104736328, 1586, 1
2.0658860206604004, 25.36138153076172, 2020, 0
2.312265157699585, 22.27008056640625, 2322, 0
8.751567840576172, 13.037919998168945, 2247, 0
2.3169150352478027, 21.328887939453125, 2623, 0
2.2066471576690674, 18.600324630737305, 2455, 0
2.193510055541992, 23.463821411132812, 2149, 0
1.8058512210845947, 26.399538040161133, 2082, 0
1.5881811380386353, 31.528045654296875, 1541, 0
1.1929254531860352, 34.32933807373047, 1070, 1
0.6956022381782532, 26.40304183959961, 815, 1
0.47346892952919006, 29.409818649291992, 300, 1
0.3826572895050049, 22.852924346923828, 242, 1
0.607319712638855, 32.77000045776367, 366, 1
0.6255375146865845, 40.43318176269531, 830, 1
1.4517308473587036, 30.271263122558594, 1350, 1
1.5919854640960693, 32.2876091003418, 1664, 1
1.920288324356079, 23.82503318786621, 1964, 1
2.092378616333008, 22.239192962646484, 2270, 0
2.583827018737793, 21.137845993041992, 2529, 0
2.9510550498962402, 19.055883407592773, 2903, 0
2.4187543392181396, 26.789321899414062, 2458, 0
2.095651149749756, 28.41639518737793, 2076, 0
1.592844843864441, 28.994365692138672, 1642, 0
1.100426197052002, 34.29180908203125, 1159, 1
0.7166978716850281, 37.32850646972656, 616, 1
0.7230303883552551, 31.353721618652344, 192, 1
0.5094539523124695, 33.283447265625, 415, 1
0.47803351283073425, 36.2031364440918, 437, 1
0.5951336026191711, 32.149879455566406, 356, 1
0.8738544583320618, 41.97446823120117, 839, 0
0.7292850017547607, 34.577049255371094, 1066, 0
1.2176522016525269, 32.28489685058594, 1487, 0
1.9517849683761597, 24.52341079711914, 2001, 0
2.073025941848755, 26.764543533325195, 2010, 0
2.1893727779388428, 20.97648811340332, 2548, 0
2.403132438659668, 28.4329776763916, 2308, 0
2.0634496212005615, 25.914289474487305, 2144, 0
1.7038302421569824, 26.550743103027344, 1694, 1
0.7403252720832825, 27.82376480102539, 537, 1
0.37118953466415405, 25.281139373779297, 148, 1
0.4601972997188568, 26.294944763183594, 378, 1
0.37953999638557434, 31.216867446899414, 392, 1
0.5066019296646118, 30.581764221191406, 323, 1
0.6315541863441467, 36.37213134765625, 716, 1
1.0784149169921875, 37.91971969604492, 1179, 1
1.2354373931884766, 36.52009963989258, 1457, 0
1.590431809425354, 33.43778991699219, 1659, 0
1.9668028354644775, 26.971637725830078, 1962, 0
2.1868324279785156, 25.223480224609375, 2479, 0
2.581008195877075, 17.36809730529785, 2665, 0
3.034944772720337, 14.292448997497559, 2749, 0
2.695052146911621, 18.86258888244629, 2436, 0
2.5759189128875732, 18.85818099975586, 2766, 0
2.199641704559326, 25.12282943725586, 2112, 0
1.5597906112670898, 28.813440322875977, 1609, 0
1.064969539642334, 33.72571563720703, 1108, 1
0.8293110132217407, 35.21684265136719, 585, 1
0.48617568612098694, 27.194927215576172, 406, 1
0.5894291400909424, 30.830257415771484, 431, 1
0.46971502900123596, 34.083126068115234, 325, 1
0.822640597820282, 34.64527893066406, 694, 1
0.693028450012207, 31.5285587310791, 1024, 1
0.7469246983528137, 29.204282760620117, 1187, 1
1.4409801959991455, 30.618122100830078, 1505, 0
1.7255439758300781, 24.385292053222656, 1750, 0
1.9621524810791016, 29.168331146240234, 2089, 0
2.191185474395752, 24.03680992126465, 2480, 0
2.3333258628845215, 22.669845581054688, 2501, 0
2.462040424346924, 23.117786407470703, 2504, 0
2.5301921367645264, 28.57469940185547, 2565, 0
2.546248197555542, 17.654664993286133, 2433, 0
8.536543846130371, 17.213279724121094, 2429, 0
1.942292332649231, 25.992944717407227, 2097, 0
1.584923505783081, 29.566646575927734, 1660, 0
1.345121145248413, 31.532211303710938, 1352, 1
0.8518688678741455, 36.225257873535156, 947, 1
0.6226739287376404, 36.02642822265625, 498, 1
0.5091652870178223, 29.33969497680664, 363, 1
0.3787743151187897, 23.163360595703125, 355, 1
0.7372990250587463, 36.69386291503906, 738, 1
0.9894890189170837, 29.88368797302246, 976, 1
1.3253698348999023, 22.58078384399414, 1239, 0
0.9618969559669495, 24.543155670166016, 1404, 0
1.825344443321228, 28.374160766601562, 1861, 0
2.0797228813171387, 23.748140335083008, 2057, 0
2.4036216735839844, 17.547853469848633, 2531, 0
2.3055686950683594, 19.07211685180664, 2370, 0
2.4527511596679688, 23.508983612060547, 2409, 0
2.3178586959838867, 25.716663360595703, 2311, 0
1.8505871295928955, 24.316505432128906, 2068, 0
1.6046292781829834, 26.284595489501953, 1574, 0
1.1120001077651978, 33.74363708496094, 1144, 1
0.38579824566841125, 26.296464920043945, 498, 1
0.5037447214126587, 29.45488739013672, 288, 1
0.48436877131462097, 22.859163284301758, 357, 1
0.4890929162502289, 32.368370056152344, 298, 1
1.0708879232406616, 28.18204116821289, 637, 1
0.978407084941864, 32.646121978759766, 1061, 1
1.5721368789672852, 29.698284149169922, 1641, 0
1.6998176574707031, 30.326148986816406, 1829, 0
2.455406665802002, 18.584653854370117, 2309, 0
2.5349068641662598, 27.345712661743164, 2472, 0
2.69071888923645, 17.13538932800293, 2284, 0
8.751567840576172, 15.922977447509766, 2785, 0
2.43371319770813, 25.131317138671875, 2321, 0
2.1854045391082764, 14.570874214172363, 1896, 0
1.3448675870895386, 26.840316772460938, 1547, 0
1.2262349128723145, 19.63701629638672, 1094, 1
0.7501949071884155, 34.666656494140625, 753, 1
0.622084379196167, 21.638357162475586, 617, 1
0.6233904957771301, 31.338123321533203, 620, 1
0.6103296279907227, 25.181425094604492, 737, 1
0.7119219303131104, 24.039897918701172, 1020, 1
1.239425778388977, 33.97505187988281, 1352, 0
1.6771409511566162, 28.406253814697266, 1716, 0
1.828431487083435, 24.463787078857422, 1999, 0
2.294078826904297, 21.264739990234375, 2341, 0
2.4612958431243896, 20.32067108154297, 2430, 0
3.035452365875244, 15.436971664428711, 3031, 0
3.181967258453369, 11.22398853302002, 2798, 0
2.545576333999634, 10.719640731811523, 2350, 0
1.8431065082550049, 26.164112091064453, 1822, 0
1.1126022338867188, 33.92802047729492, 1273, 1
0.9624611735343933, 30.3856258392334, 731, 1
0.4849744141101837, 21.37143325805664, 354, 1
0.8379874229431152, 26.780990600585938, 191, 1
0.4793325364589691, 31.565540313720703, 223, 1
0.5730952620506287, 30.701475143432617, 348, 1
0.6038156747817993, 31.458932876586914, 561, 1
1.062846064567566, 35.055877685546875, 1007, 1
1.359666347503662, 32.42131423950195, 1449, 0
1.7067586183547974, 25.62310218811035, 1787, 0
2.059525489807129, 26.996118545532227, 2055, 0
2.4254488945007324, 17.477502822875977, 2419, 0
8.541583061218262, 20.03659439086914, 2658, 0
2.5783417224884033, 18.69152069091797, 3006, 0
2.9347262382507324, 15.824164390563965, 2529, 0
8.629463195800781, 14.911884307861328, 2690, 0
8.629463195800781, 13.77894401550293, 2637, 0
8.629463195800781, 14.130438804626465, 2526, 0
8.629463195800781, 14.917512893676758, 2873, 0
0, 0, 2830, 0
8.629463195800781, 10.540769577026367, 2632, 0
8.432988166809082, 12.576104164123535, 2255, 0
8.425625801086426, 13.877287864685059, 3193, 0
8.426544189453125, 13.62190055847168, 2789, 0
8.4425630569458, 13.505105018615723, 3131, 0
8.4456787109375, 13.532732009887695, 2286, 0
8.416991233825684, 14.028977394104004, 3280, 0
8.443376541137695, 14.393105506896973, 2013, 0
8.531256675720215, 14.107532501220703, 3420, 0
8.429986953735352, 14.570772171020508, 2868, 0
8.552741050720215, 14.972967147827148, 2392, 0
8.516125679016113, 15.034049987792969, 2659, 0
8.535359382629395, 15.065017700195312, 2424, 0
8.437222480773926, 14.131067276000977, 2972, 0
8.629463195800781, 13.643765449523926, 1865, 0
8.44187068939209, 14.591358184814453, 3030, 0
8.55728530883789, 14.900386810302734, 2397, 0
8.395569801330566, 12.204109191894531, 2031, 0
8.39543628692627, 13.983893394470215, 3184, 0
8.403937339782715, 11.031805038452148, 1817, 0
8.629463195800781, 12.991735458374023, 2256, 0
8.629463195800781, 11.443075180053711, 3583, 0
8.629463195800781, 10.22677993774414, 2342, 0
8.629463195800781, 11.300382614135742, 2741, 0
8.410207748413086, 12.033403396606445, 2522, 0
8.629463195800781, 10.126137733459473, 3347, 0
8.629463195800781, 12.146282196044922, 4114, 0
8.629463195800781, 11.597240447998047, 3401, 0
8.629463195800781, 13.633796691894531, 2505, 0
3.4218215942382812, 16.398681640625, 1770, 0
8.507357597351074, 12.72572135925293, 2444, 0
2.3258185386657715, 20.401565551757812, 2307, 0
2.078845500946045, 22.621299743652344, 2023, 0
1.3504505157470703, 30.224897384643555, 1603, 1
1.206463098526001, 33.29899215698242, 1168, 1
0.7313275933265686, 23.892011642456055, 830, 1
0.6959036588668823, 23.613170623779297, 567, 1
0.8206325173377991, 37.081939697265625, 794, 1
0.983651340007782, 32.969970703125, 843, 1
0.7414573431015015, 36.87828826904297, 476, 1
0.5056522488594055, 36.675907135009766, 288, 1
0.5066725611686707, 30.150409698486328, 422, 1
0.326315313577652, 31.632099151611328, 629, 1
0.7297004461288452, 33.03271484375, 1407, 0
1.5804742574691772, 23.72441864013672, 1770, 0
2.2016959190368652, 14.426076889038086, 2060, 0
2.1916074752807617, 18.317974090576172, 2332, 0
2.678046464920044, 15.990179061889648, 2536, 0
2.6878435611724854, 19.78801155090332, 2627, 0
2.9032907485961914, 13.57474136352539, 2656, 0
8.550800323486328, 14.503193855285645, 2202, 0
1.8506988286972046, 20.59774398803711, 1875, 0
1.45811128616333, 28.764179229736328, 1397, 1
1.1123600006103516, 34.99991989135742, 1052, 1
0.9878295063972473, 30.788177490234375, 654, 1
1.0920329093933105, 29.48807716369629, 706, 1
0.9925157427787781, 34.377559661865234, 965, 0
1.1957238912582397, 35.46626663208008, 1251, 0
1.2378687858581543, 35.28913497924805, 1291, 0
0.326315313577652, 27.862062454223633, 920, 1
0.7403448224067688, 40.4521369934082, 422, 1
0.49498340487480164, 35.200439453125, 121, 1
0.46818187832832336, 30.168537139892578, 134, 1
0.6005993485450745, 40.304466247558594, 383, 1
0.8534436821937561, 38.4572639465332, 907, 1
1.4746555089950562, 29.65165138244629, 1579, 0
1.9484045505523682, 24.900798797607422, 2255, 0
2.4449868202209473, 25.776275634765625, 2301, 0
2.571276903152466, 28.477313995361328, 2526, 0
2.6522350311279297, 25.4046630859375, 2608, 0
2.432656764984131, 23.301136016845703, 2416, 0
1.9639692306518555, 24.762155532836914, 2257, 0
1.6874834299087524, 30.711162567138672, 1861, 0
1.2276930809020996, 32.980628967285156, 1059, 1
0.4835576117038727, 32.68900680541992, 407, 1
0.8583043217658997, 33.056427001953125, 231, 1
0.49908462166786194, 32.39331817626953, 304, 1
0.8372293710708618, 36.580108642578125, 829, 1
1.2161849737167358, 36.01744079589844, 1224, 1
1.4361532926559448, 29.866132736206055, 1592, 0
1.7224359512329102, 28.830385208129883, 1950, 0
2.1772308349609375, 26.06735610961914, 2430, 0
2.074735164642334, 13.021903991699219, 2581, 0
1.9602711200714111, 27.78253746032715, 2349, 0
1.5969520807266235, 29.739397048950195, 1617, 1
0.7479659914970398, 35.98237228393555, 573, 1
0.5080140829086304, 32.22754669189453, 235, 1
0.465177446603775, 30.676115036010742, 259, 1
0.5760432481765747, 40.39931869506836, 705, 0
0.9901241660118103, 38.123443603515625, 1024, 0
0.8745449185371399, 37.48396682739258, 683, 1
0.47616007924079895, 34.01675033569336, 140, 1
0.5759163498878479, 38.076698303222656, 402, 1
0.8645838499069214, 34.522254943847656, 1095, 1
1.3493469953536987, 31.29358673095703, 1549, 0
1.7297446727752686, 28.814237594604492, 2037, 0
2.0936543941497803, 25.527263641357422, 2437, 0
8.385491371154785, 14.920145034790039, 2741, 0
3.050328016281128, 16.964147567749023, 3065, 0
3.3148601055145264, 14.14010238647461, 2678, 0
6.309465408325195, 10.352523803710938, 2863, 0
2.458470344543457, 25.313983917236328, 2489, 0
1.9136817455291748, 13.922813415527344, 2045, 0
1.5928272008895874, 29.424009323120117, 1680, 0
1.1020433902740479, 35.499237060546875, 1116, 1
0.9891117215156555, 28.30254364013672, 689, 1
0.3754083812236786, 31.13279151916504, 257, 1
0.47906187176704407, 15.751204490661621, 554, 1
0.8247211575508118, 37.28998565673828, 867, 1
1.200452208518982, 32.71953201293945, 1217, 0
1.3583242893218994, 30.861221313476562, 1617, 0
1.182054877281189, 33.893089294433594, 1182, 1
0.8158063888549805, 33.44382858276367, 718, 1
0.4871176779270172, 33.630218505859375, 283, 1
0.38417208194732666, 30.238876342773438, 198, 1
0.3308064937591553, 25.979049682617188, 303, 1
0.9563580751419067, 34.12154769897461, 759, 1
1.106727957725525, 35.77375411987305, 1070, 0
1.240007758140564, 34.72810745239258, 1363, 0
1.4827152490615845, 28.96959114074707, 1605, 0
1.4832285642623901, 24.50313377380371, 1706, 0
1.5968815088272095, 29.920637130737305, 1685, 0
1.6777915954589844, 26.08648681640625, 1678, 0
1.5849436521530151, 19.086101531982422, 1663, 0
1.565397024154663, 30.3680419921875, 1622, 0
1.107438564300537, 32.98594284057617, 1348, 0
1.102165937423706, 25.652082443237305, 1037, 1
0.8393205404281616, 29.605321884155273, 734, 1
0.6996379494667053, 32.500823974609375, 438, 1
0.7053886651992798, 35.78116226196289, 607, 1
0.6060680150985718, 23.702564239501953, 799, 1
0.5874872803688049, 28.283416748046875, 909, 1
1.2120553255081177, 36.47679901123047, 1185, 0
1.3111834526062012, 34.109928131103516, 1439, 0
1.6045167446136475, 31.409854888916016, 1785, 0
1.836961269378662, 22.82170867919922, 2135, 0
2.3074779510498047, 21.823102951049805, 2231, 0
2.1944596767425537, 15.790557861328125, 2301, 0
2.284043550491333, 19.57390785217285, 2247, 0
1.8349436521530151, 24.172672271728516, 1912, 0
1.456326961517334, 31.150407791137695, 1487, 1
0.47345981001853943, 19.071014404296875, 449, 1
0.3834213614463806, 33.424461364746094, 210, 1
0.5944289565086365, 36.657501220703125, 309, 1
0.6086338758468628, 36.8623046875, 746, 1
1.240005373954773, 30.947532653808594, 1399, 1
1.600988507270813, 26.081893920898438, 1719, 0
2.211867332458496, 18.54251480102539, 2053, 0
2.298229694366455, 23.224594116210938, 2257, 0
8.507357597351074, 10.977489471435547, 2707, 0
2.6509416103363037, 15.526090621948242, 2530, 0
2.058248519897461, 21.533353805541992, 1944, 0
1.1035951375961304, 29.728763580322266, 1073, 1
0.6003632545471191, 40.421199798583984, 349, 1
0.49351462721824646, 32.178550720214844, 190, 1
0.4646766483783722, 31.67278480529785, 216, 1
0.3845340609550476, 30.02054214477539, 353, 1
0.7491402626037598, 28.948726654052734, 492, 1
1.1122472286224365, 34.46665954589844, 1210, 1
1.5942673683166504, 24.220413208007812, 1840, 0
1.958306908607483, 24.944538116455078, 2095, 0
2.334324836730957, 23.567291259765625, 2390, 0
2.548064947128296, 22.304664611816406, 2526, 0
2.31083083152771, 20.862369537353516, 2358, 0
2.2173142433166504, 14.056726455688477, 2040, 0
1.4587196111679077, 28.53961944580078, 1424, 0
0.9957948327064514, 31.302860260009766, 1012, 1
0.748272180557251, 24.314329147338867, 728, 1
0.701958954334259, 33.58856201171875, 597, 1
0.3859458565711975, 29.865192413330078, 524, 1
0.48975542187690735, 31.836193084716797, 219, 1
0.4934687912464142, 27.852468490600586, 139, 1
0.36493515968322754, 33.52413558959961, 582, 1
0.8306299448013306, 42.48821258544922, 766, 1
1.0651679039001465, 35.06768035888672, 1012, 0
1.2275500297546387, 34.84272766113281, 1342, 0
1.23519766330719, 28.2345027923584, 1632, 0
1.9173507690429688, 26.736278533935547, 2015, 0
2.0447397232055664, 24.64089584350586, 2188, 0
1.8313028812408447, 26.513519287109375, 1871, 0
1.4607328176498413, 32.433231353759766, 1543, 0
1.1836235523223877, 32.788795471191406, 1083, 1
0.7513633966445923, 30.96104621887207, 548, 1
0.5024646520614624, 34.87177276611328, 181, 1
0.33433547616004944, 30.57344627380371, 98, 1
0.3734932541847229, 31.98744010925293, 334, 1
0.7326937317848206, 39.58319091796875, 884, 1
1.2164108753204346, 33.904537200927734, 1323, 0
1.562671184539795, 30.80755615234375, 1681, 0
1.8054320812225342, 27.772472381591797, 2130, 0
1.9720447063446045, 14.991409301757812, 2292, 0
2.2956624031066895, 24.306289672851562, 2232, 0
2.1944456100463867, 13.399009704589844, 2310, 0
2.21199631690979, 13.619157791137695, 2067, 0
1.6738297939300537, 30.80242156982422, 1649, 0
1.3039721250534058, 31.579227447509766, 1434, 0
1.1051677465438843, 35.98479080200195, 1127, 0
0.9734107851982117, 32.929569244384766, 920, 1
0.7483494877815247, 34.91176986694336, 737, 1
0.7518464922904968, 27.226318359375, 526, 1
0.6047752499580383, 20.132389068603516, 455, 1
0.3769089877605438, 11.60213565826416, 435, 1
0.5954550504684448, 31.30256462097168, 240, 1
0.47216537594795227, 30.286067962646484, 118, 1
0.3541894853115082, 26.49356460571289, 112, 1
0.7459200024604797, 36.1933479309082, 272, 1
0.4525752663612366, 34.5740852355957, 378, 1
0.5046741962432861, 40.516475677490234, 553, 1
0.9619842171669006, 33.07429885864258, 1043, 1
1.558300256729126, 20.28525161743164, 1334, 0
1.339381456375122, 31.246078491210938, 1659, 0
1.7303581237792969, 25.326282501220703, 1951, 0
2.088128089904785, 24.521438598632812, 2180, 0
2.3274729251861572, 21.683650970458984, 2305, 0
2.3322768211364746, 22.333784103393555, 2350, 0
2.6966636180877686, 13.717344284057617, 2671, 0
3.063103675842285, 14.033230781555176, 2904, 0
3.168902635574341, 14.82625961303711, 2704, 0
2.690258264541626, 13.773988723754883, 2583, 0
1.8306076526641846, 24.71327781677246, 2003, 0
1.4842324256896973, 29.483592987060547, 1428, 1
1.1061445474624634, 31.64559555053711, 1140, 1
0.9506610035896301, 26.62286949157715, 1031, 1
0.8627097010612488, 32.57099151611328, 832, 1
0.606651246547699, 35.70914077758789, 404, 1
0.8598621487617493, 30.101640701293945, 266, 1
0.374146968126297, 27.658777236938477, 489, 1
0.6280454397201538, 33.7137336730957, 878, 0
0.9925839304924011, 31.876401901245117, 1244, 0
1.36319899559021, 29.616859436035156, 1516, 0
8.91581916809082, 14.734918594360352, 1680, 0
1.6742676496505737, 23.21366310119629, 1796, 0
1.9726710319519043, 24.176713943481445, 2038, 0
2.4082300662994385, 13.836675643920898, 2190, 0
2.0804755687713623, 13.615350723266602, 2255, 0
1.9474434852600098, 18.045324325561523, 2237, 0
2.0614070892333984, 18.02246856689453, 2171, 0
1.9348223209381104, 17.550146102905273, 1906, 0
1.3406517505645752, 21.397716522216797, 1468, 1
0.9749427437782288, 26.441207885742188, 987, 1
1.3031561374664307, 25.29732894897461, 199, 1
0.5082607269287109, 35.056427001953125, 188, 1
0.5805175304412842, 29.311573028564453, 312, 1
0.8365805745124817, 42.05390930175781, 930, 0
0.9914731383323669, 34.39590835571289, 1027, 0
1.0989114046096802, 31.014171600341797, 1400, 0
1.5994600057601929, 27.20627212524414, 1778, 0
1.4751335382461548, 26.898326873779297, 1778, 0
1.9476041793823242, 23.276309967041016, 2116, 0
2.3318357467651367, 22.79676055908203, 2338, 0
2.2098681926727295, 14.523018836975098, 2364, 0
2.197155475616455, 15.802069664001465, 2173, 0
1.5729875564575195, 26.433795928955078, 1655, 1
0.7453861236572266, 33.306671142578125, 435, 1
0.47257813811302185, 29.270397186279297, 194, 1
0.3595718741416931, 23.566925048828125, 161, 1
1.3031561374664307, 19.11562728881836, 295, 1
0.8325470089912415, 38.095924377441406, 703, 1
0.9826977849006653, 35.04698944091797, 947, 1
0.997384250164032, 33.0540657043457, 1245, 0
1.4805532693862915, 30.820594787597656, 1710, 0
1.7154808044433594, 29.276458740234375, 1771, 0
2.2142274379730225, 17.36631202697754, 2175, 0
8.538180351257324, 13.744577407836914, 2317, 0
2.2062129974365234, 18.924259185791016, 2361, 0
2.1997056007385254, 15.018814086914062, 1926, 0
1.7162585258483887, 30.569061279296875, 1679, 0
1.8088487386703491, 28.804550170898438, 1336, 0
1.0922753810882568, 35.59066390991211, 1111, 0
1.2420082092285156, 30.443328857421875, 750, 1
0.8263732194900513, 34.06438446044922, 520, 1
0.25661221146583557, 30.672073364257812, 339, 1
0.7162208557128906, 26.266918182373047, 219, 1
0.7446879744529724, 33.58095169067383, 168, 1
0.37935972213745117, 26.838211059570312, 277, 1
0.7521106600761414, 39.099143981933594, 524, 1
0.8342211842536926, 36.0096435546875, 877, 1
0.991098940372467, 33.01555633544922, 1155, 1
1.232740879058838, 32.41314697265625, 1405, 0
1.693562388420105, 30.805070877075195, 1830, 0
1.5880886316299438, 15.226520538330078, 2120, 0
2.1729748249053955, 24.876617431640625, 2111, 0
1.9665443897247314, 18.567588806152344, 2409, 0
2.2034430503845215, 24.64299774169922, 2188, 0
2.4353811740875244, 12.99230670928955, 2406, 0
2.8128135204315186, 16.668031692504883, 2626, 0
3.0135138034820557, 12.33611011505127, 2860, 0
3.029668092727661, 12.625847816467285, 2526, 0
2.4546096324920654, 23.4625244140625, 2479, 0
2.063786029815674, 21.825944900512695, 2180, 0
1.7217985391616821, 29.992006301879883, 1665, 0
1.221217393875122, 32.473045349121094, 1358, 0
1.0844913721084595, 31.981239318847656, 1006, 1
0.7498509883880615, 20.353736877441406, 788, 1
0.7500274777412415, 34.59333038330078, 226, 1
0.4915423095226288, 30.329275131225586, 240, 1
0.6305719614028931, 30.88928985595703, 372, 1
0.75352543592453, 25.886817932128906, 882, 1
1.3402920961380005, 31.502708435058594, 1166, 0
1.3454763889312744, 33.35151290893555, 1407, 0
1.5807445049285889, 29.504905700683594, 1641, 0
1.814755916595459, 27.949512481689453, 1774, 0
1.7261492013931274, 12.165221214294434, 2091, 0
2.1839725971221924, 25.133373260498047, 2237, 0
2.3016984462738037, 19.890817642211914, 2268, 0
2.298060894012451, 24.47818946838379, 2340, 0
2.547487735748291, 23.631532669067383, 2610, 0
2.6820576190948486, 24.347614288330078, 2592, 0
2.9041664600372314, 13.459529876708984, 2743, 0
2.4488587379455566, 19.725744247436523, 2463, 0
1.9179071187973022, 20.128803253173828, 2176, 0
1.6057143211364746, 31.439847946166992, 1768, 0
0.9959700703620911, 21.38898468017578, 1436, 0
0.9759991765022278, 33.17115783691406, 1111, 1
0.83253014087677, 34.606407165527344, 792, 1
0.26478052139282227, 20.035259246826172, 689, 1
0.7162954807281494, 36.224586486816406, 321, 1
0.7372791171073914, 33.64879608154297, 213, 1
0.965048611164093, 30.14071273803711, 285, 1
0.7184415459632874, 32.70441436767578, 641, 1
0.6268616914749146, 36.410919189453125, 662, 1
0.7534422874450684, 35.01736068725586, 737, 1
1.2246980667114258, 22.78573989868164, 785, 0
0.7021528482437134, 29.27353858947754, 497, 1
0.743678867816925, 35.09557342529297, 376, 1
0.8743739724159241, 30.48375701904297, 408, 1
0.7109418511390686, 31.28327178955078, 684, 1
1.2007802724838257, 34.06915283203125, 956, 1
1.0875312089920044, 26.62154769897461, 1171, 1
1.34574556350708, 32.03879928588867, 1399, 1
1.4725260734558105, 30.5098876953125, 1644, 1
1.7116562128067017, 27.922744750976562, 1917, 0
1.9597721099853516, 25.095121383666992, 2092, 0
2.0625507831573486, 24.023666381835938, 2052, 0
2.089261531829834, 18.056154251098633, 2050, 0
1.7165780067443848, 29.88156509399414, 1812, 0
1.3439439535140991, 31.45024871826172, 1359, 0
0.7092146873474121, 30.486698150634766, 976, 0
0.7244252562522888, 36.28236770629883, 543, 1
0.8634673357009888, 31.087745666503906, 430, 1
0.9405002593994141, 30.271446228027344, 442, 1
0.7522836923599243, 33.113101959228516, 760, 1
1.1965537071228027, 31.741954803466797, 749, 1
1.1133404970169067, 36.169124603271484, 1078, 1
1.429590106010437, 30.969839096069336, 1395, 1
0.9973579049110413, 23.334754943847656, 1575, 0
2.038400411605835, 23.904550552368164, 1948, 0
1.9417660236358643, 26.744487762451172, 2114, 0
2.1980364322662354, 15.259197235107422, 2066, 0
2.0887598991394043, 22.073286056518555, 2275, 0
2.432276964187622, 29.293357849121094, 2572, 0
2.7036890983581543, 18.570484161376953, 2696, 0
2.686697006225586, 28.696252822875977, 2707, 0
2.5340259075164795, 15.58536148071289, 2575, 0
2.457608699798584, 15.950831413269043, 2310, 0
2.041292428970337, 23.772701263427734, 1948, 0
1.4704228639602661, 30.927520751953125, 1447, 0
0.75215744972229, 38.66693115234375, 559, 1
0.5092712640762329, 31.59337615966797, 187, 1
0.8710119128227234, 33.71967315673828, 251, 1
0.861486554145813, 39.401222229003906, 963, 1
1.3145626783370972, 37.012123107910156, 1221, 1
1.472130298614502, 26.128517150878906, 1485, 0
1.6766401529312134, 28.59423065185547, 1770, 0
1.8346534967422485, 20.314403533935547, 2051, 0
2.159852981567383, 25.089588165283203, 2165, 0
2.3206844329833984, 22.59183692932129, 2218, 0
2.541025400161743, 14.726707458496094, 2457, 0
2.7723779678344727, 17.726165771484375, 2663, 0
2.786113739013672, 16.008411407470703, 2768, 0
8.629463195800781, 13.095215797424316, 2427, 0
1.9608967304229736, 26.733083724975586, 1999, 0
1.4726818799972534, 28.80990219116211, 1586, 0
1.3633471727371216, 27.2802734375, 1305, 0
1.0827257633209229, 35.00407409667969, 1013, 0
0.7303059697151184, 34.57590103149414, 800, 1
0.7501019835472107, 30.447959899902344, 679, 1
0.4774387776851654, 23.747344970703125, 420, 1
1.0589460134506226, 24.520626068115234, 108, 1
0.7141380906105042, 32.99143981933594, 103, 1
0.8583160638809204, 28.343170166015625, 244, 1
0.6046296954154968, 42.784385681152344, 492, 1
0.6926305890083313, 16.202999114990234, 781, 1
0.8636350631713867, 40.837493896484375, 1005, 1
0.9523687958717346, 38.80026626586914, 1125, 1
1.066530704498291, 38.18679428100586, 1051, 1
0.826004683971405, 34.56906509399414, 529, 1
0.47556057572364807, 30.442169189453125, 210, 1
0.6147274374961853, 32.761695861816406, 153, 1
0.6123496294021606, 37.954105377197266, 416, 1
0.8511130213737488, 39.286415100097656, 887, 1
1.2347887754440308, 31.786548614501953, 1157, 1
1.5709279775619507, 28.59345245361328, 1494, 1
1.720129132270813, 28.296398162841797, 1761, 1
1.7165287733078003, 28.545114517211914, 1823, 0
1.7248932123184204, 26.39214324951172, 1796, 0
1.7223687171936035, 29.723339080810547, 1803, 0
1.7264901399612427, 25.679092407226562, 1800, 0
1.694472312927246, 28.486860275268555, 1658, 0
1.4446240663528442, 29.911022186279297, 1380, 0
0.9847443699836731, 32.7029914855957, 1006, 0
0.7346905469894409, 26.097230911254883, 902, 1
0.9767853617668152, 31.603713989257812, 901, 1
0.9820979237556458, 31.884620666503906, 914, 1
0.8610470294952393, 26.377668380737305, 914, 1
0.8643038868904114, 32.64836883544922, 923, 1
0.8631218075752258, 35.596588134765625, 920, 1
0.996090829372406, 30.98196792602539, 982, 1
1.187463402748108, 33.450992584228516, 1195, 1
1.349233627319336, 31.426803588867188, 1490, 0
1.727837324142456, 24.671964645385742, 1801, 0
1.7289445400238037, 29.028413772583008, 1914, 0
1.8215535879135132, 25.553272247314453, 1974, 0
1.8364745378494263, 15.51177978515625, 2092, 0
2.0581564903259277, 25.92241668701172, 2081, 0
1.9658043384552002, 22.973636627197266, 1986, 0
1.836605191230774, 17.530956268310547, 1761, 0
1.3524034023284912, 25.68773078918457, 1433, 0
1.1836720705032349, 30.536346435546875, 1084, 1
0.8441928625106812, 29.50965690612793, 850, 1
0.740353524684906, 25.508949279785156, 708, 1
0.8254903554916382, 30.515819549560547, 690, 1
0.720395565032959, 29.136484146118164, 717, 1
0.9609679579734802, 29.210681915283203, 825, 1
1.0937572717666626, 34.66985321044922, 1188, 1
1.7163349390029907, 26.812725067138672, 1826, 1
2.326228380203247, 23.985828399658203, 2354, 1
2.9259068965911865, 12.742700576782227, 2670, 1
3.5587265491485596, 11.124378204345703, 3049, 1
8.629463195800781, 10.569189071655273, 3070, 0
8.629463195800781, 14.69216251373291, 2917, 0
8.629463195800781, 14.833671569824219, 3173, 0
3.7949538230895996, 14.589933395385742, 2985, 0
8.629463195800781, 11.06529426574707, 2151, 0
8.629463195800781, 10.669565200805664, 1962, 0